<?xml version="1.0" encoding="UTF-8"?>
<weatherdata><location><name>Alcázar de San Juan</name><type/><country>ES</country><timezone>7200</timezone><location altitude="0" latitude="39.3901" longitude="-3.2083" geobase="geonames" geobaseid="2522131"/></location><credit/><meta><lastupdate/><calctime>0</calctime><nextupdate/></meta><sun rise="2025-09-23T06:01:23" set="2025-09-23T18:09:02"/><forecast><time from="2025-09-23T06:00:00" to="2025-09-23T09:00:00"><symbol number="800" name="cielo claro" var="01d"/><precipitation probability="0"/><windDirection deg="28" code="NNE" name="North-northeast"/><windSpeed mps="5.99" unit="m/s" name="Moderate breeze"/><windGust gust="6.59" unit="m/s"/><temperature unit="celsius" value="11.25" min="11.25" max="14.24"/><feels_like value="9.81" unit="celsius"/><pressure unit="hPa" value="1019"/><humidity value="53" unit="%"/><clouds value="cielo claro" all="0" unit="%"/><visibility value="10000"/></time><time from="2025-09-23T09:00:00" to="2025-09-23T12:00:00"><symbol number="800" name="cielo claro" var="01d"/><precipitation probability="0"/><windDirection deg="10" code="N" name="North"/><windSpeed mps="5.55" unit="m/s" name="Moderate breeze"/><windGust gust="5.33" unit="m/s"/><temperature unit="celsius" value="16.28" min="16.28" max="19.55"/><feels_like value="15.01" unit="celsius"/><pressure unit="hPa" value="1019"/><humidity value="40" unit="%"/><clouds value="cielo claro" all="0" unit="%"/><visibility value="10000"/></time><time from="2025-09-23T12:00:00" to="2025-09-23T15:00:00"><symbol number="800" name="cielo claro" var="01d"/><precipitation probability="0"/><windDirection deg="13" code="NNE" name="North-northeast"/><windSpeed mps="4.36" unit="m/s" name="Gentle Breeze"/><windGust gust="4.37" unit="m/s"/><temperature unit="celsius" value="21.67" min="21.67" max="21.67"/><feels_like value="20.44" unit="celsius"/><pressure unit="hPa" value="1016"/><humidity value="21" unit="%"/><clouds value="cielo claro" all="0" unit="%"/><visibility value="10000"/></time><time from="2025-09-23T15:00:00" to="2025-09-23T18:00:00"><symbol number="800" name="cielo claro" var="01d"/><precipitation probability="0"/><windDirection deg="7" code="N" name="North"/><windSpeed mps="3.76" unit="m/s" name="Gentle Breeze"/><windGust gust="5.04" unit="m/s"/><temperature unit="celsius" value="18.47" min="18.47" max="18.47"/><feels_like value="17.03" unit="celsius"/><pressure unit="hPa" value="1017"/><humidity value="25" unit="%"/><clouds value="cielo claro" all="0" unit="%"/><visibility value="10000"/></time><time from="2025-09-23T18:00:00" to="2025-09-23T21:00:00"><symbol number="800" name="cielo claro" var="01n"/><precipitation probability="0"/><windDirection deg="23" code="NNE" name="North-northeast"/><windSpeed mps="3.42" unit="m/s" name="Gentle Breeze"/><windGust gust="3.86" unit="m/s"/><temperature unit="celsius" value="15.1" min="15.1" max="15.1"/><feels_like value="13.45" unit="celsius"/><pressure unit="hPa" value="1018"/><humidity value="30" unit="%"/><clouds value="cielo claro" all="0" unit="%"/><visibility value="10000"/></time><time from="2025-09-23T21:00:00" to="2025-09-24T00:00:00"><symbol number="800" name="cielo claro" var="01n"/><precipitation probability="0"/><windDirection deg="49" code="NE" name="NorthEast"/><windSpeed mps="4.29" unit="m/s" name="Gentle Breeze"/><windGust gust="8.77" unit="m/s"/><temperature unit="celsius" value="11.02" min="11.02" max="11.02"/><feels_like value="9.25" unit="celsius"/><pressure unit="hPa" value="1021"/><humidity value="41" unit="%"/><clouds value="cielo claro" all="0" unit="%"/><visibility value="10000"/></time><time from="2025-09-24T00:00:00" to="2025-09-24T03:00:00"><symbol number="801" name="algo de nubes" var="02n"/><precipitation probability="0"/><windDirection deg="51" code="NE" name="NorthEast"/><windSpeed mps="2.76" unit="m/s" name="Light breeze"/><windGust gust="2.93" unit="m/s"/><temperature unit="celsius" value="10.28" min="10.28" max="10.28"/><feels_like value="8.56" unit="celsius"/><pressure unit="hPa" value="1021"/><humidity value="46" unit="%"/><clouds value="algo de nubes" all="14" unit="%"/><visibility value="10000"/></time><time from="2025-09-24T03:00:00" to="2025-09-24T06:00:00"><symbol number="802" name="nubes dispersas" var="03n"/><precipitation probability="0"/><windDirection deg="30" code="NNE" name="North-northeast"/><windSpeed mps="3.33" unit="m/s" name="Light breeze"/><windGust gust="3.89" unit="m/s"/><temperature unit="celsius" value="9.75" min="9.75" max="9.75"/><feels_like value="8.03" unit="celsius"/><pressure unit="hPa" value="1021"/><humidity value="48" unit="%"/><clouds value="nubes dispersas" all="26" unit="%"/><visibility value="10000"/></time><time from="2025-09-24T06:00:00" to="2025-09-24T09:00:00"><symbol number="804" name="nubes" var="04d"/><precipitation probability="0"/><windDirection deg="27" code="NNE" name="North-northeast"/><windSpeed mps="2.81" unit="m/s" name="Light breeze"/><windGust gust="3.45" unit="m/s"/><temperature unit="celsius" value="15.47" min="15.47" max="15.47"/><feels_like value="13.93" unit="celsius"/><pressure unit="hPa" value="1021"/><humidity value="33" unit="%"/><clouds value="nubes" all="85" unit="%"/><visibility value="10000"/></time><time from="2025-09-24T09:00:00" to="2025-09-24T12:00:00"><symbol number="804" name="nubes" var="04d"/><precipitation probability="0"/><windDirection deg="12" code="NNE" name="North-northeast"/><windSpeed mps="1.93" unit="m/s" name="Light breeze"/><windGust gust="1.66" unit="m/s"/><temperature unit="celsius" value="20.26" min="20.26" max="20.26"/><feels_like value="18.92" unit="celsius"/><pressure unit="hPa" value="1019"/><humidity value="22" unit="%"/><clouds value="nubes" all="90" unit="%"/><visibility value="10000"/></time><time from="2025-09-24T12:00:00" to="2025-09-24T15:00:00"><symbol number="804" name="nubes" var="04d"/><precipitation probability="0"/><windDirection deg="343" code="NNW" name="North-northwest"/><windSpeed mps="1.91" unit="m/s" name="Light breeze"/><windGust gust="1.21" unit="m/s"/><temperature unit="celsius" value="22.23" min="22.23" max="22.23"/><feels_like value="20.95" unit="celsius"/><pressure unit="hPa" value="1017"/><humidity value="17" unit="%"/><clouds value="nubes" all="97" unit="%"/><visibility value="10000"/></time><time from="2025-09-24T15:00:00" to="2025-09-24T18:00:00"><symbol number="804" name="nubes" var="04d"/><precipitation probability="0"/><windDirection deg="334" code="NNW" name="North-northwest"/><windSpeed mps="3.06" unit="m/s" name="Light breeze"/><windGust gust="3.08" unit="m/s"/><temperature unit="celsius" value="18.96" min="18.96" max="18.96"/><feels_like value="17.46" unit="celsius"/><pressure unit="hPa" value="1017"/><humidity value="21" unit="%"/><clouds value="nubes" all="99" unit="%"/><visibility value="10000"/></time><time from="2025-09-24T18:00:00" to="2025-09-24T21:00:00"><symbol number="804" name="nubes" var="04n"/><precipitation probability="0"/><windDirection deg="7" code="N" name="North"/><windSpeed mps="3.19" unit="m/s" name="Light breeze"/><windGust gust="3.14" unit="m/s"/><temperature unit="celsius" value="16.4" min="16.4" max="16.4"/><feels_like value="14.75" unit="celsius"/><pressure unit="hPa" value="1018"/><humidity value="25" unit="%"/><clouds value="nubes" all="100" unit="%"/><visibility value="10000"/></time><time from="2025-09-24T21:00:00" to="2025-09-25T00:00:00"><symbol number="803" name="muy nuboso" var="04n"/><precipitation probability="0"/><windDirection deg="51" code="NE" name="NorthEast"/><windSpeed mps="3.16" unit="m/s" name="Light breeze"/><windGust gust="3.17" unit="m/s"/><temperature unit="celsius" value="14.3" min="14.3" max="14.3"/><feels_like value="12.49" unit="celsius"/><pressure unit="hPa" value="1019"/><humidity value="27" unit="%"/><clouds value="muy nuboso" all="72" unit="%"/><visibility value="10000"/></time><time from="2025-09-25T00:00:00" to="2025-09-25T03:00:00"><symbol number="802" name="nubes dispersas" var="03n"/><precipitation probability="0"/><windDirection deg="76" code="ENE" name="East-northeast"/><windSpeed mps="3.84" unit="m/s" name="Gentle Breeze"/><windGust gust="7.25" unit="m/s"/><temperature unit="celsius" value="11.18" min="11.18" max="11.18"/><feels_like value="10.89" unit="celsius"/><pressure unit="hPa" value="1019"/><humidity value="97" unit="%"/><clouds value="nubes dispersas" all="33" unit="%"/><visibility value="10000"/></time><time from="2025-09-25T03:00:00" to="2025-09-25T06:00:00"><symbol number="802" name="nubes dispersas" var="03n"/><precipitation probability="0"/><windDirection deg="81" code="E" name="East"/><windSpeed mps="2.7" unit="m/s" name="Light breeze"/><windGust gust="3.64" unit="m/s"/><temperature unit="celsius" value="10.72" min="10.72" max="10.72"/><feels_like value="10.38" unit="celsius"/><pressure unit="hPa" value="1019"/><humidity value="97" unit="%"/><clouds value="nubes dispersas" all="26" unit="%"/><visibility value="10000"/></time><time from="2025-09-25T06:00:00" to="2025-09-25T09:00:00"><symbol number="801" name="algo de nubes" var="02d"/><precipitation probability="0"/><windDirection deg="53" code="NE" name="NorthEast"/><windSpeed mps="1.42" unit="m/s" name="Calm"/><windGust gust="1.72" unit="m/s"/><temperature unit="celsius" value="16.44" min="16.44" max="16.44"/><feels_like value="15.92" unit="celsius"/><pressure unit="hPa" value="1019"/><humidity value="68" unit="%"/><clouds value="algo de nubes" all="16" unit="%"/><visibility value="10000"/></time><time from="2025-09-25T09:00:00" to="2025-09-25T12:00:00"><symbol number="801" name="algo de nubes" var="02d"/><precipitation probability="0"/><windDirection deg="310" code="NW" name="Northwest"/><windSpeed mps="2.05" unit="m/s" name="Light breeze"/><windGust gust="3.02" unit="m/s"/><temperature unit="celsius" value="22.49" min="22.49" max="22.49"/><feels_like value="21.5" unit="celsius"/><pressure unit="hPa" value="1017"/><humidity value="27" unit="%"/><clouds value="algo de nubes" all="23" unit="%"/><visibility value="10000"/></time><time from="2025-09-25T12:00:00" to="2025-09-25T15:00:00"><symbol number="800" name="cielo claro" var="01d"/><precipitation probability="0"/><windDirection deg="324" code="NW" name="Northwest"/><windSpeed mps="2.37" unit="m/s" name="Light breeze"/><windGust gust="3.94" unit="m/s"/><temperature unit="celsius" value="24.58" min="24.58" max="24.58"/><feels_like value="23.56" unit="celsius"/><pressure unit="hPa" value="1015"/><humidity value="18" unit="%"/><clouds value="cielo claro" all="0" unit="%"/><visibility value="10000"/></time><time from="2025-09-25T15:00:00" to="2025-09-25T18:00:00"><symbol number="800" name="cielo claro" var="01d"/><precipitation probability="0"/><windDirection deg="49" code="NE" name="NorthEast"/><windSpeed mps="2.72" unit="m/s" name="Light breeze"/><windGust gust="2.65" unit="m/s"/><temperature unit="celsius" value="20.34" min="20.34" max="20.34"/><feels_like value="19.03" unit="celsius"/><pressure unit="hPa" value="1015"/><humidity value="23" unit="%"/><clouds value="cielo claro" all="0" unit="%"/><visibility value="10000"/></time><time from="2025-09-25T18:00:00" to="2025-09-25T21:00:00"><symbol number="800" name="cielo claro" var="01n"/><precipitation probability="0"/><windDirection deg="54" code="NE" name="NorthEast"/><windSpeed mps="2.31" unit="m/s" name="Light breeze"/><windGust gust="2.42" unit="m/s"/><temperature unit="celsius" value="17.39" min="17.39" max="17.39"/><feels_like value="15.97" unit="celsius"/><pressure unit="hPa" value="1017"/><humidity value="30" unit="%"/><clouds value="cielo claro" all="0" unit="%"/><visibility value="10000"/></time><time from="2025-09-25T21:00:00" to="2025-09-26T00:00:00"><symbol number="800" name="cielo claro" var="01n"/><precipitation probability="0"/><windDirection deg="132" code="SE" name="SouthEast"/><windSpeed mps="2.45" unit="m/s" name="Light breeze"/><windGust gust="2.6" unit="m/s"/><temperature unit="celsius" value="16.33" min="16.33" max="16.33"/><feels_like value="14.83" unit="celsius"/><pressure unit="hPa" value="1017"/><humidity value="31" unit="%"/><clouds value="cielo claro" all="3" unit="%"/><visibility value="10000"/></time><time from="2025-09-26T00:00:00" to="2025-09-26T03:00:00"><symbol number="803" name="muy nuboso" var="04n"/><precipitation probability="0"/><windDirection deg="69" code="ENE" name="East-northeast"/><windSpeed mps="3.92" unit="m/s" name="Gentle Breeze"/><windGust gust="4.63" unit="m/s"/><temperature unit="celsius" value="13.28" min="13.28" max="13.28"/><feels_like value="12.33" unit="celsius"/><pressure unit="hPa" value="1017"/><humidity value="64" unit="%"/><clouds value="muy nuboso" all="58" unit="%"/><visibility value="10000"/></time><time from="2025-09-26T03:00:00" to="2025-09-26T06:00:00"><symbol number="802" name="nubes dispersas" var="03n"/><precipitation probability="0"/><windDirection deg="81" code="E" name="East"/><windSpeed mps="1.73" unit="m/s" name="Light breeze"/><windGust gust="1.81" unit="m/s"/><temperature unit="celsius" value="11.44" min="11.44" max="11.44"/><feels_like value="10.91" unit="celsius"/><pressure unit="hPa" value="1018"/><humidity value="87" unit="%"/><clouds value="nubes dispersas" all="37" unit="%"/><visibility value="10000"/></time><time from="2025-09-26T06:00:00" to="2025-09-26T09:00:00"><symbol number="800" name="cielo claro" var="01d"/><precipitation probability="0"/><windDirection deg="223" code="SW" name="Southwest"/><windSpeed mps="0.56" unit="m/s" name="Calm"/><windGust gust="1.21" unit="m/s"/><temperature unit="celsius" value="18.29" min="18.29" max="18.29"/><feels_like value="17.32" unit="celsius"/><pressure unit="hPa" value="1018"/><humidity value="44" unit="%"/><clouds value="cielo claro" all="0" unit="%"/><visibility value="10000"/></time><time from="2025-09-26T09:00:00" to="2025-09-26T12:00:00"><symbol number="800" name="cielo claro" var="01d"/><precipitation probability="0"/><windDirection deg="271" code="W" name="West"/><windSpeed mps="3.07" unit="m/s" name="Light breeze"/><windGust gust="4.77" unit="m/s"/><temperature unit="celsius" value="24.66" min="24.66" max="24.66"/><feels_like value="23.63" unit="celsius"/><pressure unit="hPa" value="1017"/><humidity value="17" unit="%"/><clouds value="cielo claro" all="0" unit="%"/><visibility value="10000"/></time><time from="2025-09-26T12:00:00" to="2025-09-26T15:00:00"><symbol number="800" name="cielo claro" var="01d"/><precipitation probability="0"/><windDirection deg="302" code="WNW" name="West-northwest"/><windSpeed mps="4.79" unit="m/s" name="Gentle Breeze"/><windGust gust="6.16" unit="m/s"/><temperature unit="celsius" value="26.66" min="26.66" max="26.66"/><feels_like value="26.66" unit="celsius"/><pressure unit="hPa" value="1014"/><humidity value="13" unit="%"/><clouds value="cielo claro" all="0" unit="%"/><visibility value="10000"/></time><time from="2025-09-26T15:00:00" to="2025-09-26T18:00:00"><symbol number="800" name="cielo claro" var="01d"/><precipitation probability="0"/><windDirection deg="325" code="NW" name="Northwest"/><windSpeed mps="3.2" unit="m/s" name="Light breeze"/><windGust gust="3.68" unit="m/s"/><temperature unit="celsius" value="21.64" min="21.64" max="21.64"/><feels_like value="20.3" unit="celsius"/><pressure unit="hPa" value="1015"/><humidity value="17" unit="%"/><clouds value="cielo claro" all="0" unit="%"/><visibility value="10000"/></time><time from="2025-09-26T18:00:00" to="2025-09-26T21:00:00"><symbol number="800" name="cielo claro" var="01n"/><precipitation probability="0"/><windDirection deg="259" code="W" name="West"/><windSpeed mps="1.96" unit="m/s" name="Light breeze"/><windGust gust="2.07" unit="m/s"/><temperature unit="celsius" value="17.87" min="17.87" max="17.87"/><feels_like value="16.29" unit="celsius"/><pressure unit="hPa" value="1017"/><humidity value="22" unit="%"/><clouds value="cielo claro" all="0" unit="%"/><visibility value="10000"/></time><time from="2025-09-26T21:00:00" to="2025-09-27T00:00:00"><symbol number="800" name="cielo claro" var="01n"/><precipitation probability="0"/><windDirection deg="244" code="WSW" name="West-southwest"/><windSpeed mps="1.95" unit="m/s" name="Light breeze"/><windGust gust="2.04" unit="m/s"/><temperature unit="celsius" value="16.53" min="16.53" max="16.53"/><feels_like value="14.87" unit="celsius"/><pressure unit="hPa" value="1017"/><humidity value="24" unit="%"/><clouds value="cielo claro" all="0" unit="%"/><visibility value="10000"/></time><time from="2025-09-27T00:00:00" to="2025-09-27T03:00:00"><symbol number="803" name="muy nuboso" var="04n"/><precipitation probability="0"/><windDirection deg="235" code="SW" name="Southwest"/><windSpeed mps="2.34" unit="m/s" name="Light breeze"/><windGust gust="2.57" unit="m/s"/><temperature unit="celsius" value="15.05" min="15.05" max="15.05"/><feels_like value="13.32" unit="celsius"/><pressure unit="hPa" value="1017"/><humidity value="27" unit="%"/><clouds value="muy nuboso" all="66" unit="%"/><visibility value="10000"/></time><time from="2025-09-27T03:00:00" to="2025-09-27T06:00:00"><symbol number="803" name="muy nuboso" var="04n"/><precipitation probability="0"/><windDirection deg="201" code="SSW" name="South-southwest"/><windSpeed mps="3.17" unit="m/s" name="Light breeze"/><windGust gust="3.58" unit="m/s"/><temperature unit="celsius" value="14.04" min="14.04" max="14.04"/><feels_like value="12.28" unit="celsius"/><pressure unit="hPa" value="1018"/><humidity value="30" unit="%"/><clouds value="muy nuboso" all="77" unit="%"/><visibility value="10000"/></time><time from="2025-09-27T06:00:00" to="2025-09-27T09:00:00"><symbol number="804" name="nubes" var="04d"/><precipitation probability="0"/><windDirection deg="233" code="SW" name="Southwest"/><windSpeed mps="4.63" unit="m/s" name="Gentle Breeze"/><windGust gust="6.25" unit="m/s"/><temperature unit="celsius" value="21.27" min="21.27" max="21.27"/><feels_like value="19.97" unit="celsius"/><pressure unit="hPa" value="1018"/><humidity value="20" unit="%"/><clouds value="nubes" all="91" unit="%"/><visibility value="10000"/></time><time from="2025-09-27T09:00:00" to="2025-09-27T12:00:00"><symbol number="804" name="nubes" var="04d"/><precipitation probability="0"/><windDirection deg="247" code="WSW" name="West-southwest"/><windSpeed mps="7.14" unit="m/s" name="Moderate breeze"/><windGust gust="7.78" unit="m/s"/><temperature unit="celsius" value="25.84" min="25.84" max="25.84"/><feels_like value="24.9" unit="celsius"/><pressure unit="hPa" value="1016"/><humidity value="16" unit="%"/><clouds value="nubes" all="93" unit="%"/><visibility value="10000"/></time><time from="2025-09-27T12:00:00" to="2025-09-27T15:00:00"><symbol number="803" name="muy nuboso" var="04d"/><precipitation probability="0"/><windDirection deg="257" code="WSW" name="West-southwest"/><windSpeed mps="6.75" unit="m/s" name="Moderate breeze"/><windGust gust="7.43" unit="m/s"/><temperature unit="celsius" value="27.34" min="27.34" max="27.34"/><feels_like value="26.17" unit="celsius"/><pressure unit="hPa" value="1014"/><humidity value="14" unit="%"/><clouds value="muy nuboso" all="74" unit="%"/><visibility value="10000"/></time><time from="2025-09-27T15:00:00" to="2025-09-27T18:00:00"><symbol number="804" name="nubes" var="04d"/><precipitation probability="0"/><windDirection deg="295" code="WNW" name="West-northwest"/><windSpeed mps="4.19" unit="m/s" name="Gentle Breeze"/><windGust gust="6.85" unit="m/s"/><temperature unit="celsius" value="23" min="23" max="23"/><feels_like value="21.9" unit="celsius"/><pressure unit="hPa" value="1014"/><humidity value="21" unit="%"/><clouds value="nubes" all="87" unit="%"/><visibility value="10000"/></time><time from="2025-09-27T18:00:00" to="2025-09-27T21:00:00"><symbol number="804" name="nubes" var="04n"/><precipitation probability="0"/><windDirection deg="275" code="W" name="West"/><windSpeed mps="2.47" unit="m/s" name="Light breeze"/><windGust gust="3.4" unit="m/s"/><temperature unit="celsius" value="20.22" min="20.22" max="20.22"/><feels_like value="19.05" unit="celsius"/><pressure unit="hPa" value="1015"/><humidity value="29" unit="%"/><clouds value="nubes" all="100" unit="%"/><visibility value="10000"/></time><time from="2025-09-27T21:00:00" to="2025-09-28T00:00:00"><symbol number="804" name="nubes" var="04n"/><precipitation probability="0"/><windDirection deg="261" code="W" name="West"/><windSpeed mps="0.59" unit="m/s" name="Calm"/><windGust gust="2.22" unit="m/s"/><temperature unit="celsius" value="19.7" min="19.7" max="19.7"/><feels_like value="18.54" unit="celsius"/><pressure unit="hPa" value="1014"/><humidity value="31" unit="%"/><clouds value="nubes" all="100" unit="%"/><visibility value="10000"/></time><time from="2025-09-28T00:00:00" to="2025-09-28T03:00:00"><symbol number="804" name="nubes" var="04n"/><precipitation probability="0"/><windDirection deg="174" code="S" name="South"/><windSpeed mps="2.7" unit="m/s" name="Light breeze"/><windGust gust="4.85" unit="m/s"/><temperature unit="celsius" value="18.05" min="18.05" max="18.05"/><feels_like value="16.8" unit="celsius"/><pressure unit="hPa" value="1013"/><humidity value="34" unit="%"/><clouds value="nubes" all="100" unit="%"/><visibility value="10000"/></time><time from="2025-09-28T03:00:00" to="2025-09-28T06:00:00"><symbol number="804" name="nubes" var="04n"/><precipitation probability="0"/><windDirection deg="204" code="SSW" name="South-southwest"/><windSpeed mps="5.26" unit="m/s" name="Gentle Breeze"/><windGust gust="10.75" unit="m/s"/><temperature unit="celsius" value="16.44" min="16.44" max="16.44"/><feels_like value="15.31" unit="celsius"/><pressure unit="hPa" value="1013"/><humidity value="45" unit="%"/><clouds value="nubes" all="89" unit="%"/><visibility value="10000"/></time></forecast></weatherdata>